<annotation>
	<folder>train</folder>
	<filename>1.jpg</filename>
	<path>C:\backup\09-03-2018\0-Course\程式設計-計算機概論\final\ChannelLine\train\1.jpg</path>
	<source>
		<database>Unknown</database>
	</source>
	<size>
		<width>320</width>
		<height>240</height>
		<depth>3</depth>
	</size>
	<segmented>0</segmented>
	<object>
		<name>ChannelLine</name>
		<pose>Unspecified</pose>
		<truncated>0</truncated>
		<difficult>0</difficult>
		<bndbox>
			<xmin>220</xmin>
			<ymin>100</ymin>
			<xmax>258</xmax>
			<ymax>141</ymax>
		</bndbox>
	</object>
	<object>
		<name>ChannelLine</name>
		<pose>Unspecified</pose>
		<truncated>0</truncated>
		<difficult>0</difficult>
		<bndbox>
			<xmin>137</xmin>
			<ymin>89</ymin>
			<xmax>164</xmax>
			<ymax>127</ymax>
		</bndbox>
	</object>
	<object>
		<name>ChannelLine</name>
		<pose>Unspecified</pose>
		<truncated>0</truncated>
		<difficult>0</difficult>
		<bndbox>
			<xmin>49</xmin>
			<ymin>126</ymin>
			<xmax>79</xmax>
			<ymax>167</ymax>
		</bndbox>
	</object>
</annotation>
