<annotation>
	<folder>train</folder>
	<filename>14.jpg</filename>
	<path>C:\backup\09-03-2018\0-Course\程式設計-計算機概論\final\ChannelLine\train\14.jpg</path>
	<source>
		<database>Unknown</database>
	</source>
	<size>
		<width>302</width>
		<height>167</height>
		<depth>3</depth>
	</size>
	<segmented>0</segmented>
	<object>
		<name>ChannelLine</name>
		<pose>Unspecified</pose>
		<truncated>0</truncated>
		<difficult>0</difficult>
		<bndbox>
			<xmin>52</xmin>
			<ymin>108</ymin>
			<xmax>75</xmax>
			<ymax>132</ymax>
		</bndbox>
	</object>
	<object>
		<name>ChannelLine</name>
		<pose>Unspecified</pose>
		<truncated>0</truncated>
		<difficult>0</difficult>
		<bndbox>
			<xmin>110</xmin>
			<ymin>118</ymin>
			<xmax>130</xmax>
			<ymax>139</ymax>
		</bndbox>
	</object>
</annotation>
