<annotation>
	<folder>train</folder>
	<filename>15.jpg</filename>
	<path>C:\backup\09-03-2018\0-Course\程式設計-計算機概論\final\ChannelLine\train\15.jpg</path>
	<source>
		<database>Unknown</database>
	</source>
	<size>
		<width>272</width>
		<height>185</height>
		<depth>3</depth>
	</size>
	<segmented>0</segmented>
	<object>
		<name>ChannelLine</name>
		<pose>Unspecified</pose>
		<truncated>0</truncated>
		<difficult>0</difficult>
		<bndbox>
			<xmin>192</xmin>
			<ymin>94</ymin>
			<xmax>217</xmax>
			<ymax>125</ymax>
		</bndbox>
	</object>
	<object>
		<name>ChannelLine</name>
		<pose>Unspecified</pose>
		<truncated>0</truncated>
		<difficult>0</difficult>
		<bndbox>
			<xmin>87</xmin>
			<ymin>78</ymin>
			<xmax>110</xmax>
			<ymax>105</ymax>
		</bndbox>
	</object>
</annotation>
