<annotation>
	<folder>train</folder>
	<filename>2.jpg</filename>
	<path>C:\backup\09-03-2018\0-Course\程式設計-計算機概論\final\ChannelLine\train\2.jpg</path>
	<source>
		<database>Unknown</database>
	</source>
	<size>
		<width>600</width>
		<height>400</height>
		<depth>3</depth>
	</size>
	<segmented>0</segmented>
	<object>
		<name>ChannelLine</name>
		<pose>Unspecified</pose>
		<truncated>0</truncated>
		<difficult>0</difficult>
		<bndbox>
			<xmin>245</xmin>
			<ymin>234</ymin>
			<xmax>283</xmax>
			<ymax>289</ymax>
		</bndbox>
	</object>
	<object>
		<name>ChannelLine</name>
		<pose>Unspecified</pose>
		<truncated>0</truncated>
		<difficult>0</difficult>
		<bndbox>
			<xmin>495</xmin>
			<ymin>316</ymin>
			<xmax>549</xmax>
			<ymax>392</ymax>
		</bndbox>
	</object>
</annotation>
