<annotation>
	<folder>train</folder>
	<filename>6.jpg</filename>
	<path>C:\backup\09-03-2018\0-Course\程式設計-計算機概論\final\ChannelLine\train\6.jpg</path>
	<source>
		<database>Unknown</database>
	</source>
	<size>
		<width>275</width>
		<height>183</height>
		<depth>3</depth>
	</size>
	<segmented>0</segmented>
	<object>
		<name>ChannelLine</name>
		<pose>Unspecified</pose>
		<truncated>0</truncated>
		<difficult>0</difficult>
		<bndbox>
			<xmin>128</xmin>
			<ymin>103</ymin>
			<xmax>146</xmax>
			<ymax>125</ymax>
		</bndbox>
	</object>
	<object>
		<name>ChannelLine</name>
		<pose>Unspecified</pose>
		<truncated>0</truncated>
		<difficult>0</difficult>
		<bndbox>
			<xmin>155</xmin>
			<ymin>102</ymin>
			<xmax>170</xmax>
			<ymax>122</ymax>
		</bndbox>
	</object>
</annotation>
